k,inertia,silhouette
2,14360.152688208113,0.18492931734484344
3,12499.064867330717,0.1950505939475537
4,10953.778617646221,0.18838473448693088
5,10177.984074099,0.17433702397497863
6,9564.934435386293,0.16571480274942865
7,9147.936818549351,0.16710670033610217
8,8784.391350998583,0.16446813135018878
